Accession,Abundance_MAD,Count_MAD,Relative_MAD,Abundance_MADEV,Count_MADEV,Relative_MADEV,Abundance_MADEVNP,Count_MADEVNP,Relative_MADEVNP
O00468,5245500.46484375,19,0.008021954823728097,669140.59375,3,0.008445945945945946,5976462.5859375,19,0.01667233752977203
O14818,1777231.078125,6,0.002322144817394976,87456.4140625,1,0.005067567567567568,305888.203125,2,0.0010207553589656345
O15230,1304257.9453125,8,0.00253324889170361,310042.00390625,3,0.008445945945945946,1911088.5234375,14,0.011908812521265737
O43707,935678.4375,4,0.00506649778340722,,,0.006756756756756757,852589.140625,4,0.00748553929908132
O75874,1255903.6015625,5,0.0016888325944690733,285880.90625,1,0.005067567567567568,600856.390625,4,0.0023817625042531474
P00338,18309711.8125,11,0.005699810006333122,3355608.21875,3,0.011824324324324325,12445761.625,10,0.00748553929908132
P00491,858945.953125,5,0.001477728520160439,241540.47265625,3,0.005067567567567568,340294.65234375,3,0.002041510717931269
P00750,228821.3203125,3,0.0006333122229259025,,,0.0033783783783783786,435189.9296875,4,0.002041510717931269
P00751,1218433.921875,4,0.001266624445851805,584444.8125,2,0.005067567567567568,1230473.640625,4,0.00374276964954066
P01024,43050979.8164063,51,0.023010344099641124,12775982.65625,20,0.08445945945945946,46151077.234375,49,0.038448451854372234
P01834,15688766.1679688,5,0.01013299556681444,5061409.37890625,4,0.04054054054054054,2755648.390625,4,0.003402517863218782
P01857,29017473.7675781,9,0.02132151150517205,9690600.8515625,7,0.07432432432432433,4448424.53125,7,0.010207553589656346
P01859,1872367.359375,2,0.007810850749419463,749356.890625,2,0.02195945945945946,267030.4921875,2,0.004083021435862538
P01861,239170.7890625,2,0.005277601857715854,90088.8125,1,0.008445945945945946,,,0.001701258931609391
P02751,18332047.1132813,40,0.015199493350221659,157276.5546875,2,0.006756756756756757,11245904.3242188,29,0.019734603606668934
P02765,3480156.75,2,0.0008444162972345366,599619.15625,2,0.005067567567567568,2048199.6875,2,0.001701258931609391
P04083,4467609.26953125,10,0.004433185560481318,1131744.8125,4,0.013513513513513514,1791452.84765625,8,0.005444028581150051
P04264,24941810.21875,15,-,4590042.7421875,6,-,5250460.88671875,9,-
P05387,1915467.1015625,3,0.0021110407430863414,537242.796875,2,0.006756756756756757,1169832.796875,4,0.0027220142905750254
P05787,27123624.3203125,17,-,687213.296875,2,-,7374899.46875,12,-
P06733,24418583.40625,9,0.004222081486172683,1322524.9921875,2,0.006756756756756757,19547566.5,8,0.006464783940115686
P06744,4205351.4765625,9,0.002955457040320878,802422.078125,2,0.0033783783783783786,2513053.265625,6,0.00374276964954066
P07195,4362190.453125,9,0.0035887692632467806,1051850.03710938,5,0.015202702702702704,1565725.0234375,5,0.003402517863218782
P07339,22055975.0507813,13,0.005910914080641756,3191491.65625,6,0.018581081081081082,17971022.4296875,11,0.008166042871725076
P07355,19361731.921875,14,0.006333122229259025,1883125.6328125,9,0.030405405405405407,6097593.453125,12,0.00918679823069071
P07602,28279354.5351563,16,0.007810850749419463,1955421.640625,3,0.006756756756756757,32589722.2167969,17,0.012249064307587616
P07900,20113155.7890625,16,0.01266624445851805,3028683.6875,7,0.04391891891891892,10170586.28125,11,0.012929567880231372
P07996,36854929.9375,30,0.013299556681443952,5362956.2890625,9,0.03209459459459459,33812537.796875,28,0.021435862538278325
P08238,13658000.5625,13,0.01118851593835761,3316597.015625,7,0.03885135135135135,6111903.796875,9,0.01122830894862198
P08727,10761026.859375,9,-,333453.1875,1,-,2032607.40625,4,-
P08729,20701982.296875,21,-,566744.6796875,2,-,1498712.5390625,7,-
P09211,8346169.3359375,10,0.004644289634789952,206927.37890625,2,0.008445945945945946,4553868.20703125,6,0.007145287512759442
P09871,1946327.015625,6,0.0021110407430863414,356986.59375,3,0.008445945945945946,1495649.8828125,5,0.003402517863218782
P0DP24,6468246.59375,5,0.002744352966012244,3454026.5078125,3,0.011824324324324325,4509799.484375,6,0.00374276964954066
P10619,1705496.484375,6,0.0018999366687777073,53131.0234375,1,0.0033783783783783786,1815490.6875,6,0.003402517863218782
P11047,487681.125,5,0.002322144817394976,589609.24609375,6,0.018581081081081082,1251560.34765625,8,0.005784280367471929
P12814,2769136.41796875,13,0.008021954823728097,119207.2265625,1,0.011824324324324325,1223226.05859375,7,0.008506294658046955
P13639,15857365.7617188,18,0.006755330377876293,2129856.65625,5,0.013513513513513514,18823473.1328125,13,0.008506294658046955
P13645,11946757.28125,12,-,1510087.40625,5,-,392305.41015625,3,-
P13646,9206806,11,-,131780.375,1,-,277349.3125,1,-
P13647,14818898.2734375,16,-,448271.578125,3,-,2435166.1796875,10,-
P13796,2309221.078125,9,0.004010977411864049,431188.85546875,3,0.010135135135135136,1107563.8359375,5,0.005784280367471929
P14618,42881464.5078125,23,0.011399620012666244,2407038.78515625,6,0.02027027027027027,24819453.0625,21,0.015651582170806397
P15531,1573472.8125,2,0.002955457040320878,756497.78125,2,0.006756756756756757,815835.71875,2,0.003062266076896904
P18206,1991614.3828125,12,0.004644289634789952,106982.3671875,1,0.006756756756756757,968844.3828125,6,0.004083021435862538
P21333,2912798.91796875,18,0.006966434452184927,167078.68359375,2,0.005067567567567568,794027.6640625,5,0.004763525008506295
P21741,5636001.953125,5,0.002322144817394976,102135.59765625,2,0.0033783783783783786,5923036.24609375,5,0.00374276964954066
P23142,513704.78125,2,0.0006333122229259025,,,0.005067567567567568,371889.6328125,2,0.002041510717931269
P23381,1262602.4921875,6,0.0021110407430863414,103492.65234375,2,0.005067567567567568,130163.96875,1,0.0013610071452875127
P27797,1605346.49609375,5,0.0018999366687777073,551047.125,2,0.0033783783783783786,602918.6875,2,0.0013610071452875127
P29401,14323047.671875,15,0.006122018154950391,709383.9453125,3,0.011824324324324325,9104336.109375,14,0.008846546444368834
P29966,897504.46875,4,0.0010555203715431707,316524.125,1,0.005067567567567568,477484.8125,2,0.0023817625042531474
P30041,2668524.1953125,6,0.00253324889170361,770323.78125,2,0.005067567567567568,1416755.109375,5,0.003062266076896904
P31946,3271485.66601563,4,0.00506649778340722,,,0.006756756756756757,591734.685546875,2,0.005784280367471929
P31947,12778932.4609375,7,0.004855393709098586,1907692.6640625,3,0.011824324324324325,5405987.90625,5,0.005444028581150051
P35527,8050809.375,12,-,218487.671875,1,-,4545507.1875,6,-
P49327,4380118.01953125,19,0.008021954823728097,321626.0703125,3,0.010135135135135136,576677.03125,5,0.004083021435862538
P50395,1186379.7421875,5,0.0018999366687777073,245397.859375,1,0.006756756756756757,601043.2421875,4,0.0023817625042531474
P51858,2409495.5078125,7,0.0021110407430863414,220315.03125,1,0.005067567567567568,481255.171875,3,0.0013610071452875127
P55058,2775607.0703125,5,0.0021110407430863414,1169863.125,1,0.005067567567567568,2870167.73046875,6,0.003402517863218782
P55072,4372072.0625,12,0.004855393709098586,216916.95703125,2,0.005067567567567568,2235911.49023438,11,0.006464783940115686
P60660,914573.5625,3,0.0016888325944690733,200402.046875,2,0.005067567567567568,596339.703125,3,0.0023817625042531474
P60709,321564.78125,1,0.009288579269579903,91045.734375,1,0.013513513513513514,380072.75,1,0.010888057162300102
P61981,4512704,5,0.004644289634789952,742909.625,2,0.010135135135135136,2717229.73828125,4,0.006124532153793808
P62258,21386191.984375,13,0.007388642600802195,2763350.125,4,0.018581081081081082,14717706.8710938,10,0.010207553589656346
P62805,73394819.75,6,0.006122018154950391,3001142.1875,2,0.006756756756756757,71844843.609375,8,0.008506294658046955
P62937,44603523.4746094,9,0.004644289634789952,1976371.734375,4,0.010135135135135136,29554273.5234375,7,0.005103776794828173
P62987,16431446.75,3,0.0021110407430863414,3262747.5546875,3,0.008445945945945946,7233735.625,3,0.002041510717931269
P63104,12736554.4111328,10,0.005488705932024488,2653000.9375,5,0.018581081081081082,4596932.99609375,5,0.006124532153793808
P63261,418143.9375,1,0.009288579269579903,54434.3515625,1,0.013513513513513514,304726.40625,1,0.01122830894862198
P67936,2190548.953125,9,0.0031665611146295125,66944.2890625,1,0.0033783783783783786,1095933.15625,5,0.0027220142905750254
P68104,31468888.875,8,0.004222081486172683,325742.921875,2,0.006756756756756757,10986786.5,7,0.005444028581150051
Q01105,14000167.640625,5,0.00253324889170361,3176180.125,2,0.006756756756756757,4998519.0546875,5,0.003062266076896904
Q06830,13565681.25,9,0.0037998733375554147,443868.46875,1,0.005067567567567568,9280927.90625,7,0.005444028581150051
Q08380,11359866.0585938,11,0.004644289634789952,825327.1484375,4,0.010135135135135136,11937697.7382813,11,0.007145287512759442
Q12805,2261319.1953125,7,0.002955457040320878,624941.9140625,2,0.010135135135135136,2734860.8203125,7,0.00374276964954066
Q12906,1687531.59375,8,0.0033776651889381466,131467.625,1,0.0033783783783783786,378223.328125,2,0.001701258931609391
Q13753,1109613.14453125,7,0.002955457040320878,69136.203125,1,0.0033783783783783786,924429.5,5,0.004763525008506295
Q15582,13578797.921875,15,0.007177538526493561,4043420.1640625,4,0.013513513513513514,13455150.890625,16,0.011568560734943858
Q16787,156563.4375,2,0.0010555203715431707,90336.91796875,2,0.005067567567567568,454726.21484375,5,0.002041510717931269
Q9H1E3,1834107.8203125,5,0.002322144817394976,422017.80078125,3,0.008445945945945946,629497.09765625,3,0.0023817625042531474
Q9NYQ8,10660174.4179688,35,0.014143972978678488,969427.25390625,7,0.02027027027027027,10162981.2421875,32,0.02109561075195645
